NAME,crshcnt00,crshcnt01,crshcnt02,crshcnt03,crshcnt04,crshcnt05,crshcnt06,crshcnt07,crshcnt08,crshcnt09,crshcnt10,crshcnt11,crshcnt12,crshcnt13,crshcnt14,crshcnt15,crshcnt16,crshcnt00ad,crshcnt01ad,crshcnt02ad,crshcnt03ad,crshcnt04ad,crshcnt05ad,crshcnt06ad,crshcnt07ad,crshcnt08ad,crshcnt09ad,crshcnt10ad,crshcnt11ad,crshcnt12ad,crshcnt13ad,crshcnt14ad,crshcnt15ad,crshcnt16ad,pop00,pop01,pop02,pop03,pop04,pop05,pop06,pop07,pop08,pop09,pop10,pop11,pop12,pop13,pop14,pop15,pop16,diff0001,diff0102,diff0203,diff0304,diff0405,diff0506,diff0607,diff0708,diff0809,diff0910,diff1011,diff1112,diff1213,diff1314,diff1415,diff1516,crshcnt00per,crshcnt01per,crshcnt02per,crshcnt03per,crshcnt04per,crshcnt05per,crshcnt06per,crshcnt07per,crshcnt08per,crshcnt09per,crshcnt10per,crshcnt11per,crshcnt12per,crshcnt13per,crshcnt14per,crshcnt15per,crshcnt16per,per0001,per0102,per0203,per0304,per0405,per0506,per0607,per0708,per0809,per0910,per1011,per1112,per1213,per1314,per1415,per1516,pop0001,pop0102,pop0203,pop0304,pop0405,pop0506,pop0607,pop0708,pop0809,pop0910,pop1011,pop1112,pop1213,pop1314,pop1415,pop1516,crshavg0206,crshavg0711,crshavg1216,avg0211,avg0716,avg0211per,avg0716per
Alabama,62,68,61,62,81,72,78,69,68,64,61,79,77,59,96,98,111,129,135,128,129,148,139,145,136,135,131,128,146,144,126,163,165,178,4451849,4464034,4472420,4490591,4512190,4545049,4597688,4637904,4677464,4708708,4785492,4799918,4815960,4829479,4843214,4853875,4863300,6,-7,1,19,-9,6,-9,-1,-4,-3,18,-2,-18,37,2,13,13.92679761,15.23285889,13.63914838,13.80664594,17.95137173,15.84141337,16.96504852,14.87741014,14.53779227,13.59183878,12.74686072,16.4586145,15.98850489,12.21663869,19.82154825,20.19005434,22.82400839,0.046511628,-0.051851852,0.0078125,0.147286822,-0.060810811,0.043165468,-0.062068966,-0.007352941,-0.02962963,-0.022900763,0.140625,-0.01369863,-0.125,0.293650794,0.012269939,0.078787879,1.347754607,-1.568088415,0.223592596,4.231068917,-1.994596859,1.320117781,-1.957505598,-0.21561464,-0.855164251,-0.637117443,3.761368737,-0.416673785,-3.737572571,7.66128189,0.412041925,2.673082064,15.64072559,14.44250328,18.20815091,-1.198222305,3.765647628,-0.072005412,0.24384956
Alaska,9,7,15,9,10,7,9,13,3,8,6,9,8,5,14,11,12,37,35,43,37,38,35,37,41,31,36,34,37,36,33,42,39,40,620457,626228,635529,643598,654123,662033,669861,674714,680471,690742,706567,715056,723297,728929,728642,729600,733845,-2,8,-6,1,-3,2,4,-10,5,-2,3,-1,-3,9,-3,1,14.50543712,11.17803739,23.60238478,13.98388435,15.28764468,10.57349105,13.43562321,19.26742294,4.408711025,11.58174832,8.491763697,12.5864268,11.06046341,6.859378623,19.21382517,15.07675439,16.35222697,-0.054054054,0.228571429,-0.139534884,0.027027027,-0.078947368,0.057142857,0.108108108,-0.243902439,0.161290323,-0.055555556,0.088235294,-0.027027027,-0.083333333,0.272727273,-0.071428571,0.025641026,-3.223430471,12.77489988,-9.440953914,1.553764928,-4.586293404,3.020997443,5.971388094,-14.82109457,7.347851709,-2.895437081,4.245881848,-1.398491866,-4.147673777,12.34688152,-4.111842105,1.362685581,15.37660561,11.26721456,13.71252971,-4.109391059,2.445315155,-0.250930575,0.199337441
Arizona,130,160,153,121,129,158,167,154,121,118,145,145,122,151,142,153,190,145,175,168,136,144,173,182,169,136,133,160,160,137,166,157,168,205,5166697,5304417,5452108,5591206,5759425,5974834,6192100,6362241,6499377,6595778,6408312,6467163,6549634,6624617,6719993,6817565,6931071,30,-7,-32,8,29,9,-13,-33,-3,27,0,-23,29,-9,11,37,25.1611426,30.16354106,28.06254021,21.64112716,22.39806925,26.44424933,26.96984868,24.20530753,18.617169,17.89023221,22.62686336,22.42095955,18.62699504,22.79377057,21.13097439,22.44203026,27.41279089,0.206896552,-0.04,-0.19047619,0.058823529,0.201388889,0.052023121,-0.071428571,-0.195266272,-0.022058824,0.203007519,0,-0.14375,0.211678832,-0.054216867,0.070063694,0.220238095,5.806417524,-1.319654922,-5.869289456,1.430818324,5.035224871,1.506318,-2.099449298,-5.186851614,-0.461582702,4.093527708,0,-3.556428066,4.427728328,-1.358569107,1.613479299,5.338280332,25.10316693,21.15210633,22.48131223,-3.951060597,1.3292059,-0.151363266,0.06000359
Arkansas,38,41,33,41,32,37,31,45,45,37,38,42,47,46,37,43,44,113,116,108,116,107,112,106,120,120,112,113,117,122,121,112,118,119,2678288,2691068,2704732,2722291,2746161,2776221,2815097,2842194,2867764,2889450,2921995,2939493,2950685,2958663,2966912,2977853,2988248,3,-8,8,-9,5,-6,14,0,-8,1,4,5,-1,-9,6,1,14.18816796,15.23558676,12.20083912,15.06084397,11.65263071,13.32746925,11.01205394,15.832839,15.69166779,12.80520514,13.00481349,14.28817827,15.92850474,15.54756321,12.47087881,14.43993374,14.72434684,0.026548673,-0.068965517,0.074074074,-0.077586207,0.046728972,-0.053571429,0.132075472,0,-0.066666667,0.008928571,0.03539823,0.042735043,-0.008196721,-0.074380165,0.053571429,0.008474576,1.120118523,-2.972797417,2.957779181,-3.306038921,1.820723548,-2.161211229,4.973185649,0,-2.78962983,0.346086625,1.368927736,1.700973603,-0.338904356,-3.04191454,2.014874475,0.334644246,12.6507674,14.32454074,14.62224547,1.673773341,0.297704728,0.122613864,0.019426666
California,670,711,709,704,684,742,719,650,620,567,601,633,653,734,709,742,867,728,769,767,762,742,800,777,708,678,625,659,691,711,792,767,800,925,33994571,34485623,34876194,35251107,35558419,35795255,35979208,36226122,36580371,36961664,37332685,37676861,38011074,38335203,38680810,38993940,39250017,41,-2,-5,-20,58,-23,-69,-30,-53,34,32,20,81,-25,33,125,19.70902942,20.61728738,20.32905311,19.97100403,19.23595084,20.72900444,19.98376396,17.9428535,16.94898064,15.34021845,16.09849385,16.80076268,17.17920414,19.14689222,18.32950241,19.02859778,22.08916241,0.056318681,-0.00260078,-0.006518905,-0.026246719,0.078167116,-0.02875,-0.088803089,-0.042372881,-0.078171091,0.0544,0.048558422,0.02894356,0.113924051,-0.031565657,0.043024772,0.15625,1.206074935,-0.057995183,-0.143364267,-0.567358069,1.631118639,-0.642543264,-1.917774288,-0.8281317,-1.448864474,0.919872006,0.857157743,0.530829784,2.130957941,-0.652142106,0.846285346,3.184711996,20.04975528,16.62626182,19.15467179,-3.423493452,2.528409966,-0.162638159,0.143445615
Colorado,80,61,69,56,70,48,59,58,43,47,36,45,76,50,63,59,79,144,125,133,120,134,112,123,122,107,111,100,109,140,114,127,123,143,4328070,4433068,4504265,4548775,4599681,4660780,4753044,4842259,4935213,5024748,5048644,5118360,5189867,5267603,5349648,5448819,5540545,-19,8,-13,14,-22,11,-1,-15,4,-11,9,31,-26,13,-4,20,18.4839894,13.76022204,15.3188145,12.31100681,15.21844667,10.29870537,12.4130978,11.97788057,8.712896485,9.353702912,7.130627551,8.791878649,14.64392055,9.491983356,11.77647576,10.82803448,14.25852511,-0.131944444,0.064,-0.097744361,0.116666667,-0.164179104,0.098214286,-0.008130081,-0.12295082,0.037383178,-0.099099099,0.09,0.28440367,-0.185714286,0.114035088,-0.031496063,0.162601626,-4.389947482,1.804619284,-2.886153457,3.077751702,-4.782940382,2.36011998,-0.210391488,-3.097727734,0.810501999,-2.189164511,1.782656888,6.056627514,-5.009762293,2.467915672,-0.734104032,3.609753192,13.11201423,9.193397234,12.19978785,-3.918616995,3.006390617,-0.277679496,0.294935098
Connecticut,48,33,50,35,27,34,38,32,47,26,46,26,43,37,47,45,54,56,41,58,43,35,42,46,40,55,34,54,34,51,45,55,53,62,3411726,3428433,3448382,3467673,3474610,3477416,3485162,3488633,3502932,3518288,3579899,3589893,3593795,3596003,3591873,3584730,3576452,-15,17,-15,-8,7,4,-6,15,-21,20,-20,17,-6,10,-2,9,14.06912513,9.625388625,14.4995537,10.0932239,7.770656275,9.777374924,10.9033669,9.17264728,13.41733154,7.389957843,12.84952453,7.242555697,11.96506757,10.28920165,13.08509516,12.55324669,15.09876268,-0.267857143,0.414634146,-0.25862069,-0.186046512,0.2,0.095238095,-0.130434783,0.375,-0.381818182,0.588235294,-0.37037037,0.5,-0.117647059,0.222222222,-0.036363636,0.169811321,-4.396601603,4.958533534,-4.349866111,-2.307022606,2.01461459,1.150279403,-1.721584248,4.299678413,-5.994977921,5.684582956,-5.586749794,4.735517187,-1.669544312,2.780865311,-0.557922075,2.516460447,10.60883514,10.01440338,12.59827475,-0.594431764,2.583871373,-0.051205117,0.234590226
Delaware,22,17,16,19,16,11,26,16,21,15,22,18,26,24,26,35,27,25,20,19,22,19,14,29,19,24,18,25,21,29,27,29,38,30,786411,794620,804131,814905,826639,839906,853022,864896,876211,885122,899816,907924,916993,925395,934948,944076,952065,-5,-1,3,-3,-5,15,-10,5,-6,7,-4,8,-2,2,9,-8,27.97519363,21.3938738,19.89725555,23.31560121,19.35548649,13.09670368,30.47987039,18.49933402,23.96682991,16.94681637,24.449443,19.82544794,28.3535425,25.93487106,27.80903323,37.07328647,28.35940823,-0.2,-0.05,0.157894737,-0.136363636,-0.263157895,1.071428571,-0.344827586,0.263157895,-0.25,0.388888889,-0.16,0.380952381,-0.068965517,0.074074074,0.310344828,-0.210526316,-6.357998553,-1.258463165,3.730735415,-3.681410717,-6.048589529,17.85914138,-11.72302707,5.781041882,-6.847665688,7.908514307,-4.445353272,8.811310198,-2.181041731,2.161239255,9.533130807,-8.402787625,21.22898346,20.73757425,29.5060283,-0.491409214,8.76845405,-0.022106689,0.403377762
District of Columbia,18,11,7,18,9,16,17,19,9,14,13,8,7,9,9,13,8,19,12,8,19,10,17,18,20,10,15,14,9,8,10,10,14,9,571744,578042,579585,577777,579796,582049,583978,586409,590074,599657,605183,620477,635327,649165,659005,670377,681170,-7,-4,11,-9,7,1,2,-10,5,-1,-5,-1,2,0,4,-5,31.48262159,19.02975908,12.07760725,31.15388809,15.52270109,27.48909456,29.11068568,32.40059412,15.25232428,23.34667985,21.48110572,12.89330628,11.01794824,13.86396371,13.65695253,19.39207342,11.74449844,-0.368421053,-0.333333333,1.375,-0.473684211,0.7,0.058823529,0.111111111,-0.5,0.5,-0.066666667,-0.357142857,-0.111111111,0.25,0,0.4,-0.357142857,-12.24324173,-6.919912394,18.97909711,-15.57694405,12.07321196,1.71806841,3.42478655,-17.05294428,8.473513492,-1.667619989,-8.261963737,-1.611663285,3.147985211,0,5.96679182,-7.340311523,23.07079533,21.07480205,13.93508726,-1.995993283,-7.139714786,-0.082921784,-0.323432789
Florida,413,489,487,499,493,571,544,530,490,467,486,490,477,499,588,628,652,480,556,554,566,560,638,611,597,557,534,553,557,544,566,655,695,719,16047118,16353869,16680309,16981183,17375259,17783868,18088505,18277888,18423878,18537969,18849098,19096952,19344156,19582022,19888741,20244914,20612439,76,-2,12,-6,78,-27,-14,-40,-23,19,4,-13,22,89,40,24,25.73670861,29.90118118,29.19610182,29.38546743,28.37367777,32.10775069,30.07434832,28.99678562,26.59592079,25.19154067,25.78372716,25.65854488,24.65861007,25.48255742,29.56446564,31.02013671,31.6313853,0.158333333,-0.003597122,0.02166065,-0.010600707,0.139285714,-0.042319749,-0.022913257,-0.067001675,-0.041292639,0.035580524,0.007233273,-0.023339318,0.040441176,0.157243816,0.061068702,0.034532374,4.736052916,-0.12229522,0.719411133,-0.353332274,4.489141716,-1.518229892,-0.773972199,-2.188436651,-1.248379956,1.024923496,0.212211746,-0.680736905,1.137294385,4.544985191,1.975804886,1.164345471,29.82746921,26.44530383,28.47143103,-3.382165381,2.026127204,-0.109712716,0.073824186
Georgia,137,156,161,156,153,150,148,154,147,152,168,130,167,176,163,193,232,296,315,320,315,312,309,307,313,306,311,327,289,326,335,322,352,391,8230161,8419594,8585535,8735259,8913676,9097428,9330086,9533761,9697838,9829211,9713521,9811610,9914668,9984938,10087231,10199398,10310371,19,5,-5,-3,-3,-2,6,-7,5,16,-38,37,9,-13,30,39,16.64608991,18.52820932,18.75247145,17.85865765,17.16463556,16.48817666,15.86266193,16.15312152,15.15801769,15.46410999,17.29547916,13.24960939,16.84373092,17.62654911,16.15904305,18.92268544,22.50161512,0.064189189,0.015873016,-0.015625,-0.00952381,-0.009615385,-0.006472492,0.019543974,-0.022364217,0.016339869,0.051446945,-0.116207951,0.128027682,0.027607362,-0.03880597,0.093167702,0.110795455,2.308581813,0.593852863,-0.58237489,-0.343435724,-0.336561481,-0.219842355,0.643080889,-0.734232796,0.515578833,1.627801051,-3.912072667,3.771042673,0.907745978,-1.301961014,2.941350068,3.782599094,17.22532065,15.46406755,18.41072473,-1.7612531,2.946657178,-0.096637702,0.178975042
Hawaii,29,30,33,23,30,35,31,27,20,16,26,23,26,23,24,25,29,34,35,38,28,35,40,36,32,25,21,31,28,31,28,29,30,34,1211566,1218305,1228069,1239298,1252782,1266117,1275599,1276832,1287481,1295178,1363945,1377864,1391820,1406481,1416349,1425157,1428557,1,3,-10,7,5,-4,-4,-7,-4,10,-3,3,-3,1,1,4,23.93596387,24.62437567,26.87145429,18.55889383,23.94670422,27.6435748,24.30230817,21.14608656,15.53420983,12.35351434,19.06235222,16.69250376,18.68057651,16.35286932,16.94497613,17.54192696,20.30020503,0.029411765,0.085714286,-0.263157895,0.25,0.142857143,-0.1,-0.111111111,-0.21875,-0.16,0.476190476,-0.096774194,0.107142857,-0.096774194,0.035714286,0.034482759,0.133333333,0.825378064,2.462437567,-8.142864937,5.64835899,3.991117369,-3.159265692,-3.135781699,-5.482318739,-3.106841965,7.720946465,-2.199502179,2.177283099,-2.155451136,0.710994318,0.701677078,2.80002828,24.26458706,16.95773334,17.96411079,-7.306853719,1.006377449,-0.289213265,0.056041452
Idaho,6,12,15,13,17,9,8,17,11,10,10,9,13,14,13,8,17,50,56,59,57,61,53,52,61,55,54,54,53,57,58,57,52,61,1299551,1321170,1342149,1364109,1391718,1425862,1464413,1499245,1527506,1545801,1571010,1584143,1595911,1612011,1633532,1652828,1683140,6,3,-2,4,-8,-1,9,-6,-1,0,-1,4,1,-1,-5,9,4.616979249,9.082858376,11.17610638,9.530030225,12.21511829,6.311971285,5.462939758,11.33904065,7.201281042,6.469138007,6.365331857,5.681305286,8.145817655,8.68480426,7.958215695,4.840189058,10.10016992,0.12,0.053571429,-0.033898305,0.070175439,-0.131147541,-0.018867925,0.173076923,-0.098360656,-0.018181818,0,-0.018518519,0.075471698,0.01754386,-0.017241379,-0.087719298,0.173076923,4.616979249,2.270714594,-1.490147517,2.932316992,-5.748290961,-0.701330143,6.145807228,-4.002014347,-0.654661913,0,-0.636533186,2.525024572,0.626601358,-0.620343161,-3.025118161,5.347148781,8.939233188,7.411219368,7.945839318,-1.528013819,0.534619949,-0.153735584,0.063560338
Illinois,187,185,191,189,156,165,139,171,135,112,115,134,138,124,123,150,148,289,287,293,291,258,267,241,273,237,214,217,236,240,226,225,252,250,12437645,12507833,12558229,12597981,12645295,12674452,12718011,12779417,12842954,12910409,12841578,12860012,12870798,12879505,12867544,12839047,12801539,-2,6,-2,-33,9,-26,32,-36,-23,3,19,4,-14,-1,27,-2,15.0350006,14.79073154,15.20915091,15.00240396,12.33660425,13.01831432,10.92938196,13.3808921,10.51160037,8.675170554,8.955285713,10.41989696,10.72194591,9.627699201,9.558933702,11.68311012,11.56110996,-0.006920415,0.020905923,-0.006825939,-0.113402062,0.034883721,-0.097378277,0.132780083,-0.131868132,-0.097046414,0.014018692,0.087557604,0.016949153,-0.058333333,-0.004424779,0.12,-0.007936508,-0.160802145,0.479699401,-0.159258125,-2.619467358,0.711727168,-2.051370742,2.51611671,-2.817029916,-1.790865248,0.23237064,1.479568944,0.3110417,-1.087733643,-0.077642735,2.102959822,-0.156231216,13.29917108,10.38856914,10.63055978,-2.910601939,0.241990639,-0.203550396,0.021248555
Indiana,54,56,53,62,73,63,73,59,54,50,62,62,59,76,78,96,85,146,148,145,154,165,155,165,151,146,142,154,154,151,168,170,188,177,6091649,6124967,6149007,6181789,6214454,6253120,6301700,6346113,6388309,6423113,6490528,6516480,6537743,6569102,6595233,6612768,6633053,2,-3,9,11,-10,10,-14,-5,-4,12,0,-3,17,2,18,-11,8.864594792,9.142906403,8.619277877,10.02945911,11.74680833,10.07497057,11.5841757,9.297029536,8.452941146,7.784387415,9.552381563,9.51433903,9.024521154,11.56931343,11.82672394,14.51737003,12.81461191,0.01369863,-0.02027027,0.062068966,0.071428571,-0.060606061,0.064516129,-0.084848485,-0.033112583,-0.02739726,0.084507042,0,-0.019480519,0.112582781,0.011904762,0.105882353,-0.058510638,0.328318326,-0.489798557,1.46365096,1.779420165,-1.609151826,1.599201679,-2.221622737,-0.787883859,-0.626143789,1.86825298,0,-0.460371243,2.600285756,0.304455617,2.722006881,-1.658361542,10.41093832,8.920215738,11.95050809,-1.49072258,3.030292356,-0.130639789,0.305466377
Iowa,25,19,19,18,24,24,25,23,17,21,18,25,20,20,19,25,22,124,118,118,117,123,123,124,122,116,120,117,124,119,119,118,124,121,2928184,2929424,2929264,2932799,2941358,2949450,2964391,2978719,2993987,3007856,3050738,3065223,3076310,3091930,3108030,3121997,3134693,-6,0,-1,6,0,1,-2,-6,4,-3,7,-5,0,-1,6,-3,8.537714843,6.485916685,6.486270954,6.137481634,8.159496396,8.137110309,8.4334354,7.721439988,5.678047366,6.98171721,5.900211686,8.156013445,6.501295383,6.468451744,6.113197106,8.007695075,7.018231131,-0.048387097,0,-0.008474576,0.051282051,0,0.008130081,-0.016129032,-0.049180328,0.034482759,-0.025,0.05982906,-0.040322581,0,-0.008403361,0.050847458,-0.024193548,-2.049051562,0,-0.341382682,2.045827211,0,0.339046263,-0.674674832,-2.014288693,1.336011145,-0.997388173,2.294526767,-1.631202689,0,-0.323422587,1.921846818,-0.957031518,7.470758939,6.887485939,6.821774088,-0.583273,-0.065711851,-0.06885723,-0.008331153
Kansas,19,24,23,25,21,24,23,20,19,22,15,14,26,25,23,24,41,124,129,128,130,126,129,128,125,124,127,120,119,131,130,128,129,146,2692810,2701456,2712598,2721955,2730765,2741771,2755700,2775586,2797375,2818747,2858850,2869503,2885262,2892821,2899360,2906721,2907289,5,-1,2,-4,3,-1,-3,-1,3,-7,-1,12,-1,-2,1,17,7.055826442,8.884098057,8.478956336,9.184575057,7.690152759,8.753466281,8.346336684,7.205685574,6.792081862,7.804886356,5.246864998,4.878893662,9.011313357,8.642083281,7.932785166,8.256726394,14.10248517,0.040322581,-0.007751938,0.015625,-0.030769231,0.023809524,-0.007751938,-0.0234375,-0.008,0.024193548,-0.05511811,-0.008333333,0.100840336,-0.007633588,-0.015384615,0.0078125,0.131782946,1.856796432,-0.370170752,0.737300551,-1.469532009,1.098593251,-0.364727762,-1.088652611,-0.360284279,1.072433978,-2.483372931,-0.349791,4.181908853,-0.346588975,-0.691366663,0.344030266,5.847371899,8.490697424,6.38568249,9.589078673,-2.105014933,3.203396183,-0.221797708,0.433730557
Kentucky,53,53,55,61,48,54,52,44,66,41,61,50,49,55,57,67,81,173,173,175,181,168,174,172,164,186,161,181,170,169,175,177,187,201,4048903,4069191,4091330,4118627,4147970,4182293,4219374,4256278,4287931,4314113,4348662,4369354,4384799,4400477,4413057,4424611,4436974,0,2,6,-13,6,-2,-8,22,-25,20,-11,-1,6,2,10,14,13.08996536,13.02470196,13.4430613,14.81076096,11.57192554,12.91157745,12.32410305,10.33767061,15.39203872,9.503691721,14.02730311,11.44333922,11.17497062,12.49864503,12.91621658,15.14257412,18.25568507,0,0.011560694,0.034285714,-0.071823204,0.035714286,-0.011494253,-0.046511628,0.134146341,-0.134408602,0.124223602,-0.060773481,-0.005882353,0.035502959,0.011428571,0.056497175,0.07486631,0,0.491498187,1.466515778,-3.156391681,1.446490693,-0.478206572,-1.896015854,5.168835306,-5.830317699,4.635947181,-2.529513676,-0.228866784,1.368363749,0.454496183,2.260085689,3.155303592,13.01228566,12.14080868,13.99761828,-0.871476986,1.856809606,-0.062193778,0.141301015
Louisiana,100,99,103,93,103,113,97,111,107,108,77,90,119,97,105,102,127,164,163,167,157,167,177,161,175,171,172,141,154,183,161,169,166,191,4468979,4460816,4466068,4474726,4489327,4497691,4240327,4376122,4451513,4492076,4544996,4575404,4603429,4626402,4647880,4668960,4681666,-1,4,-10,10,10,-16,14,-4,1,-31,13,29,-22,8,-3,25,22.3764757,22.19324895,23.0627926,20.78339545,22.94330531,25.12400252,22.87559426,25.36492356,24.03677132,24.04233588,16.94170908,19.67039413,25.85029551,20.96661725,22.59094469,21.84640691,27.12709535,-0.006097561,0.024539877,-0.05988024,0.063694268,0.05988024,-0.09039548,0.086956522,-0.022857143,0.005847953,-0.180232558,0.092198582,0.188311688,-0.120218579,0.049689441,-0.017751479,0.15060241,-0.223764757,0.896696927,-2.239106077,2.234773705,2.22750537,-3.557380887,3.301632162,-0.914051299,0.224642723,-6.901040855,2.860288546,6.33823811,-4.779046228,1.729205547,-0.64254138,5.3399794,22.95781803,22.01122679,23.67627194,-0.946591234,1.665045149,-0.039510745,0.072357948
Maine,15,12,14,13,10,9,10,10,12,11,12,10,9,11,9,19,17,31,28,30,29,26,25,26,26,28,27,28,26,25,27,25,35,33,1277211,1284791,1293938,1303102,1308253,1311631,1314963,1317308,1319691,1318301,1327730,1328231,1328895,1329076,1330719,1329453,1331479,-3,2,-1,-3,-1,1,0,2,-1,1,-2,-1,2,-2,10,-2,11.74433982,9.34004052,10.81968379,9.976195263,7.64378144,6.861685947,7.604776712,7.591239103,9.093037688,8.344073167,9.03798212,7.528810877,6.772544106,8.27642663,6.763261064,14.29159211,12.76775676,-0.096774194,0.071428571,-0.033333333,-0.103448276,-0.038461538,0.04,0,0.076923077,-0.035714286,0.037037037,-0.071428571,-0.038461538,0.08,-0.074074074,0.4,-0.057142857,-2.348867963,1.55667342,-0.772834556,-2.302198907,-0.764378144,0.76240955,0,1.518247821,-0.757753141,0.758552106,-1.506330353,-0.752881088,1.505009801,-1.504804842,7.521890582,-1.50208903,8.58122463,8.319028591,9.774316133,-0.262196039,1.455287542,-0.027365608,0.156163009
Maryland,91,101,105,114,97,102,95,116,116,114,102,102,97,108,101,92,104,115,125,129,138,121,126,119,140,140,138,126,126,121,132,125,116,128,5310579,5375033,5439913,5496708,5542659,5582520,5612196,5634242,5658655,5699478,5788584,5843603,5889651,5931129,5967295,5994983,6016447,10,4,9,-17,5,-7,21,0,-2,-12,0,-5,11,-7,-9,12,17.135608,18.79058231,19.30177927,20.73968637,17.5006256,18.27131833,16.92742021,20.58839503,20.49957101,20.00183175,17.62088967,17.45498454,16.4695667,18.20901215,16.92559191,15.34616529,17.28594966,0.086956522,0.032,0.069767442,-0.123188406,0.041322314,-0.055555556,0.176470588,0,-0.014285714,-0.086956522,0,-0.03968254,0.090909091,-0.053030303,-0.072,0.103448276,1.883033846,0.744181478,1.654438224,-3.092760248,0.902094103,-1.253914003,3.741850784,0,-0.35344088,-2.105455973,0,-0.855636497,1.867682822,-1.18021375,-1.5012553,1.994532654,18.54816596,19.2331344,16.84725714,0.684968441,-2.385877256,0.035040036,-0.11791931
Massachusetts,82,79,59,86,81,76,61,66,76,46,68,69,82,79,74,72,80,96,93,73,100,95,90,75,80,90,60,82,83,96,93,88,86,94,6363015,6411730,6440978,6451637,6451279,6453031,6466399,6499275,6543595,6593587,6565524,6611923,6658008,6706786,6749911,6784240,6811779,-3,-20,27,-5,-5,-15,5,10,-30,22,1,13,-3,-5,-2,8,12.88697261,12.32116761,9.1600996,13.32995021,12.55564982,11.77741127,9.433380155,10.15497882,11.61441073,6.976475779,10.3571322,10.43569322,12.31599602,11.77911447,10.96310751,10.61283209,11.74436223,-0.03125,-0.215053763,0.369863014,-0.05,-0.052631579,-0.166666667,0.066666667,0.125,-0.333333333,0.366666667,0.012195122,0.156626506,-0.03125,-0.053763441,-0.022727273,0.093023256,-0.471474608,-3.119282939,4.191909986,-0.774997105,-0.775040112,-2.324489066,0.773227882,1.538633155,-4.584635816,3.336575372,0.152310768,1.966145099,-0.45058522,-0.745513574,-0.294800891,1.174436223,11.25129821,9.90773815,11.48308246,-1.343560061,1.575344314,-0.10966675,0.144424471
Michigan,170,162,174,166,137,137,136,131,114,118,128,137,130,148,148,166,162,253,245,257,249,220,220,219,214,197,201,211,220,213,231,231,249,245,9955308,10006093,10038767,10066351,10089305,10090554,10082438,10050847,10002486,9969727,9877495,9876213,9887238,9898982,9915767,9917715,9928300,-8,12,-8,-29,0,-1,-5,-17,4,10,9,-7,18,0,18,-4,17.07631748,16.19013535,17.33280591,16.49058333,13.57873511,13.57705434,13.48880102,13.03372741,11.39716666,11.83583061,12.95875118,13.87171378,13.14826244,14.95103234,14.92572385,16.73772638,16.31699284,-0.031620553,0.048979592,-0.031128405,-0.116465863,0,-0.004545455,-0.02283105,-0.079439252,0.020304569,0.049751244,0.042654028,-0.031818182,0.084507042,0,0.077922078,-0.016064257,-0.803591411,1.199269285,-0.796910617,-2.88088504,0,-0.099102586,-0.495911802,-1.69139974,0.399900585,1.003036492,0.911162192,-0.708773697,1.820528645,0,1.814934186,-0.402888712,14.89359594,12.61943793,15.21594757,-2.274158013,2.59650964,-0.143086437,0.190647342
Minnesota,38,43,50,53,37,44,38,33,25,42,35,39,38,32,15,39,58,125,130,137,140,124,131,125,120,112,129,122,126,125,119,102,126,145,4933958,4982813,5017458,5047862,5079344,5106560,5148346,5191206,5230567,5266214,5311147,5348562,5380285,5418521,5453109,5482435,5519952,5,7,3,-16,7,-6,-5,-8,17,-7,4,-1,-6,-17,24,19,7.701727497,8.629663606,9.965205489,10.49949464,7.28440523,8.616367966,7.3810113,6.356904349,4.779596552,7.975369022,6.589913629,7.291679521,7.06282288,5.90567057,2.750724403,7.11362743,10.50733774,0.04,0.053846154,0.02189781,-0.114285714,0.056451613,-0.045801527,-0.04,-0.066666667,0.151785714,-0.054263566,0.032786885,-0.007936508,-0.048,-0.142857143,0.235294118,0.150793651,1.013385197,1.404828959,0.597912329,-3.169658759,1.378130719,-1.174959268,-0.971185697,-1.541067721,3.250125656,-1.32922817,0.753132986,-0.186966142,-1.11518256,-3.13738749,4.37761688,3.442058916,8.749296924,6.598692615,6.668036606,-2.15060431,0.069343991,-0.220590708,0.009125779
Mississippi,64,59,55,40,44,72,56,58,50,58,50,47,48,53,53,63,58,146,141,137,122,126,154,138,140,132,140,132,129,130,135,135,145,140,2848310,2853313,2858643,2867678,2886006,2900116,2897150,2921723,2940212,2951996,2970322,2978162,2984945,2990482,2992400,2989390,2988726,-5,-4,-15,4,28,-16,2,-8,8,-8,-3,1,5,0,10,-5,22.46946435,20.67771745,19.23989809,13.94856745,15.24598355,24.82659314,19.3293409,19.85130007,17.00557647,19.6477231,16.83319182,15.7815458,16.0806983,17.72289551,17.71153589,21.0745336,19.40626207,-0.034246575,-0.028368794,-0.109489051,0.032786885,0.222222222,-0.103896104,0.014492754,-0.057142857,0.060606061,-0.057142857,-0.022727273,0.007751938,0.038461538,0,0.074074074,-0.034482759,-1.755426902,-1.401879149,-5.247244934,1.394856745,9.701989532,-5.517020698,0.690333604,-2.738110355,2.720892235,-2.710030772,-1.009991509,0.33577757,1.67507274,0,3.345164064,-1.672953626,18.51807663,17.82386745,18.39918507,-0.694209175,0.575317621,-0.035567499,0.0305632
Missouri,88,83,87,78,81,88,76,79,63,68,55,75,84,73,65,104,96,203,198,202,193,196,203,191,194,178,183,170,190,199,188,180,219,211,5606065,5643986,5680852,5714847,5758444,5806639,5861572,5909824,5956335,5987580,5996118,6010717,6025415,6042711,6060930,6076204,6093000,-5,4,-9,3,7,-12,3,-16,5,-13,20,9,-11,-8,39,-8,15.69728499,14.70591883,15.31460422,13.64865936,14.06629985,15.15506647,12.96580508,13.36757237,10.57697393,11.356842,9.17260134,12.47771273,13.94094847,12.08067041,10.72442678,17.11594937,15.75578533,-0.024630542,0.02020202,-0.044554455,0.015544041,0.035714286,-0.0591133,0.015706806,-0.082474227,0.028089888,-0.071038251,0.117647059,0.047368421,-0.055276382,-0.042553191,0.216666667,-0.03652968,-0.891891193,0.70871898,-1.584269402,0.524948437,1.21560616,-2.066599973,0.511808095,-2.707356429,0.839442375,-2.17116097,3.335491396,1.497325527,-1.825600394,-1.323909087,6.418481012,-1.312982111,14.230087,11.39034047,13.92355607,-2.839746524,2.533215599,-0.186456356,0.204450847
Montana,11,9,14,9,7,13,12,15,11,15,8,15,8,24,10,14,11,67,65,70,65,63,69,68,71,67,71,64,71,64,80,66,70,67,903293,905873,909868,916750,925887,934801,946230,957225,968035,974989,990641,997821,1005196,1014314,1022867,1032073,1042520,-2,5,-5,-2,6,-1,3,-4,4,-7,7,-7,16,-14,4,-3,12.1776655,9.935167512,15.38684732,9.817289337,7.560317836,13.90670314,12.68190609,15.67029695,11.3632255,15.38478896,8.075579347,15.03275638,7.958646871,23.66131198,9.776442099,13.56493194,10.55135633,-0.029850746,0.076923077,-0.071428571,-0.030769231,0.095238095,-0.014492754,0.044117647,-0.056338028,0.059701493,-0.098591549,0.109375,-0.098591549,0.25,-0.175,0.060606061,-0.042857143,-2.214120999,5.519537507,-5.495302615,-2.181619853,6.480272431,-1.069746395,3.170476523,-4.178745854,4.132082001,-7.17956818,7.066131929,-7.015286309,15.91729374,-13.80243199,3.875694839,-2.877642635,11.87061274,13.10532943,13.10253784,1.234716682,-0.002791584,0.095933015,-0.00019791
Nebraska,20,12,12,12,9,8,9,8,5,9,8,7,15,12,9,19,12,113,105,105,105,102,101,102,101,98,102,101,100,108,105,102,112,105,1713345,1717948,1725083,1733680,1742184,1751721,1760435,1769912,1781949,1796619,1830051,1842283,1855725,1868559,1881145,1893765,1907116,-8,0,0,-3,-1,1,-1,-3,4,-1,-1,8,-3,-3,10,-7,11.67307227,6.985077546,6.956187036,6.921692585,5.165929661,4.566937315,5.112372794,4.519998734,2.805916443,5.009409341,4.371462872,3.79963339,8.083094208,6.422061064,4.784320188,10.03292383,6.292223441,-0.07079646,0,0,-0.028571429,-0.009803922,0.00990099,-0.009803922,-0.02970297,0.040816327,-0.009803922,-0.00990099,0.08,-0.027777778,-0.028571429,0.098039216,-0.0625,-4.669228906,0,0,-1.730423146,-0.573992185,0.570867164,-0.568041422,-1.694999525,2.244733155,-0.556601038,-0.546432859,4.34243816,-1.616618842,-1.605515266,5.280486227,-3.670463674,5.744623878,4.101284156,7.122924547,-1.643339722,3.021640391,-0.243651796,0.592329362
Nevada,43,45,52,65,60,63,51,52,56,35,36,46,55,65,71,66,80,60,62,69,82,77,80,68,69,73,52,53,63,72,82,88,83,97,2018211,2094509,2166214,2236949,2328703,2408804,2493405,2567752,2615772,2643085,2703284,2718379,2752565,2786464,2833013,2883758,2940058,2,7,13,-5,3,-12,1,4,-21,1,10,9,10,6,-5,14,21.30599823,21.48474893,24.0050152,29.05743493,25.76541534,26.1540582,20.45395754,20.2511769,21.40859372,13.24210156,13.31713575,16.92184938,19.98136284,23.32705536,25.06165697,22.88680257,27.21034755,0.033333333,0.112903226,0.188405797,-0.06097561,0.038961039,-0.15,0.014705882,0.057971014,-0.287671233,0.019230769,0.188679245,0.142857143,0.138888889,0.073170732,-0.056818182,0.168674699,0.990976662,3.342072056,6.0012538,-2.235187302,1.288270767,-4.981725371,0.401057991,1.557782839,-8.028222643,0.378345759,3.699204375,3.310796618,3.632975061,2.153266649,-1.733848679,4.761810821,25.08717624,17.02817146,23.69344506,-8.059004779,6.665273596,-0.308925915,0.369714345
New Hampshire,7,9,6,19,15,5,6,13,7,8,9,5,8,12,12,8,17,17,19,16,29,25,15,16,23,17,18,19,15,18,22,22,18,27,1240446,1256879,1271163,1281871,1292766,1301415,1311894,1317343,1321872,1324575,1316872,1318473,1321182,1322687,1328743,1330111,1334795,2,-3,13,-4,-10,1,7,-6,1,1,-4,3,4,0,-4,9,5.643131583,7.16059382,4.720087038,14.82208428,11.60302793,3.841972007,4.57354024,9.868348638,5.295520292,6.039673103,6.834377221,3.79226575,6.055183919,9.072441175,9.031091791,6.014535629,12.73603812,0.117647059,-0.157894737,0.8125,-0.137931034,-0.4,0.066666667,0.4375,-0.260869565,0.058823529,0.055555556,-0.210526316,0.2,0.222222222,0,-0.181818182,0.5,1.61232331,-2.386864607,10.22685525,-3.120438796,-7.735351951,0.768394401,5.335796947,-4.554622448,0.756502899,0.754959138,-3.037500987,2.27535945,3.027591959,0,-3.007267814,6.742608416,7.912142299,6.366037001,8.581858126,-1.546105298,2.215821125,-0.173483013,0.30081591
New Jersey,145,132,177,137,152,153,164,149,135,158,139,142,156,129,168,170,162,166,153,198,158,173,174,185,170,156,179,160,163,177,150,189,191,183,8430921,8489469,8544115,8583481,8611530,8621837,8623721,8636043,8663398,8707739,8803729,8841243,8873211,8899162,8925001,8935421,8944469,-13,45,-40,15,1,11,-15,-14,23,-19,3,14,-27,39,2,-8,17.1985955,15.54867566,20.7160133,15.96089046,17.65075428,17.7456382,19.01731283,17.25327213,15.58280019,18.14477903,15.78876406,16.06109005,17.58100872,14.4957469,18.8235273,19.02540462,18.11175152,-0.078313253,0.294117647,-0.202020202,0.094936709,0.005780347,0.063218391,-0.081081081,-0.082352941,0.147435897,-0.106145251,0.01875,0.085889571,-0.152542373,0.26,0.010582011,-0.041884817,-1.541943045,5.300684884,-4.681584927,1.747542751,0.116123383,1.275830197,-1.739388368,-1.621112818,2.65484744,-2.181967098,0.340764692,1.583487752,-3.042866895,4.38243511,0.22382829,-0.894407482,18.21812181,16.56614109,17.60748781,-1.651980722,1.041346723,-0.08595953,0.059281473
New Mexico,48,72,60,51,56,61,69,52,39,39,33,39,61,49,75,54,73,81,105,93,84,89,94,102,85,72,72,66,72,94,82,108,87,106,1820813,1828809,1850035,1869683,1891829,1916538,1942608,1968731,1986763,2009671,2064756,2077756,2083784,2085193,2083024,2080328,2081015,24,-12,-9,5,5,8,-17,-13,0,-6,6,22,-12,26,-21,19,26.36185045,39.36988499,32.43181886,27.27735129,29.60098402,31.8282236,35.51926071,26.41295332,19.62992063,19.40616151,15.98251803,18.77025021,29.27366752,23.49902383,36.00534607,25.95744517,35.07903595,0.296296296,-0.114285714,-0.096774194,0.05952381,0.056179775,0.085106383,-0.166666667,-0.152941176,0,-0.083333333,0.090909091,0.305555556,-0.127659574,0.317073171,-0.194444444,0.218390805,13.18092522,-6.561647498,-4.864772829,2.674250127,2.642945002,4.174193259,-8.751122203,-6.60323833,0,-2.985563309,2.905912369,10.58834627,-5.758754266,12.46886979,-10.09456201,9.130160042,31.3315277,20.04036074,29.96290371,-11.29116696,9.92254297,-0.349230852,0.471595668
New York,335,356,337,334,317,322,312,276,297,308,303,287,303,336,264,307,304,397,418,399,396,379,384,374,338,359,370,365,349,365,398,326,369,366,18998044,19088978,19161873,19231101,19297933,19330891,19356564,19422777,19467789,19541453,19402640,19519529,19602769,19673546,19718515,19747183,19745289,21,-19,-3,-17,5,-10,-36,21,11,-5,-16,16,33,-72,43,-3,17.63339426,18.64950549,17.58700728,17.36770037,16.42662973,16.65727669,16.11856319,14.21012042,15.25596975,15.76136636,15.61643158,14.70322363,15.45699998,17.07877167,13.38843214,15.54652124,15.39607751,0.052896725,-0.045454545,-0.007518797,-0.042929293,0.013192612,-0.026041667,-0.096256684,0.062130178,0.030640669,-0.013513514,-0.043835616,0.045845272,0.090410959,-0.180904523,0.13190184,-0.008130081,1.105376954,-0.995338776,-0.156560896,-0.883984749,0.259095106,-0.517306729,-1.859834214,1.081204814,0.565035917,-0.255866337,-0.82463005,0.81969191,1.683435641,-3.659736786,2.177525777,-0.151934975,16.83143545,15.10942235,15.37336051,-1.722013107,0.263938162,-0.09657176,0.016384086
North Carolina,159,149,176,153,161,164,172,172,160,146,169,161,200,174,172,182,200,259,249,276,253,261,264,272,272,260,246,269,261,300,274,272,282,300,8079383,8203451,8316617,8416451,8531283,8669452,8866977,9064074,9247134,9380884,9558915,9650963,9746175,9841590,9934399,10035186,10146788,-10,27,-23,8,3,8,0,-12,-14,23,-8,39,-26,-2,10,18,19.67972059,18.16308771,21.16245103,18.17868363,18.87172187,18.91699729,19.39781732,18.97601454,17.30265832,15.56356522,17.67983082,16.68227305,20.52087101,17.68006999,17.31357881,18.13618602,19.710671,-0.038610039,0.108433735,-0.083333333,0.031620553,0.011494253,0.03030303,0,-0.044117647,-0.053846154,0.093495935,-0.029739777,0.149425287,-0.086666667,-0.00729927,0.036764706,0.063829787,-1.237718276,3.291297772,-2.765547578,0.950519405,0.351646991,0.922780356,0,-1.323907991,-1.513982603,2.451794522,-0.836915068,4.04104751,-2.667713231,-0.203219195,0.996493737,1.77396039,19.30553423,17.24086839,18.67227536,-2.064665838,1.431406975,-0.101679957,0.078472524
North Dakota,5,3,2,7,5,9,4,5,6,4,7,9,7,1,9,7,7,58,56,55,60,58,62,57,58,59,57,60,62,60,54,62,60,60,641200,636267,633617,632809,636303,635365,636771,638202,641421,646844,674526,685476,702087,724019,739904,756835,757952,-2,-1,5,-2,4,-5,1,1,-2,3,2,-2,-6,8,-2,0,7.797878977,4.715001721,3.156480966,11.06178958,7.857891602,14.16508621,6.281693105,7.834510077,9.354230685,6.183871227,10.37765779,13.12956252,9.970274339,1.381179223,12.16374016,9.249043715,9.235413324,-0.034482759,-0.017857143,0.090909091,-0.033333333,0.068965517,-0.080645161,0.01754386,0.017241379,-0.033898305,0.052631579,0.033333333,-0.032258065,-0.1,0.148148148,-0.032258065,0,-3.119151591,-1.57166724,7.891202414,-3.160511308,6.286313282,-7.869492339,1.570423276,1.566902015,-3.118076895,4.63790342,2.965045084,-2.917680561,-8.545949434,11.04943379,-2.642583919,0,8.504588292,9.375966461,8.399930153,0.871378169,-0.976036308,0.091679738,-0.094067026
Ohio,97,99,87,99,94,95,96,108,99,85,93,104,113,85,87,116,134,185,187,175,187,182,183,184,196,187,173,181,192,201,173,175,204,222,11363844,11396874,11420981,11445180,11464593,11475262,11492495,11520815,11528072,11542645,11540983,11544824,11550839,11570022,11594408,11605090,11614373,2,-12,12,-5,1,1,12,-9,-14,8,11,9,-28,2,29,18,8.535844033,8.686592481,7.617559297,8.64992949,8.199157179,8.278678082,8.353277508,9.374336798,8.587732623,7.363996727,8.05823906,9.008366,9.782839151,7.346572029,7.503617261,9.995613994,11.53742867,0.010810811,-0.064171123,0.068571429,-0.026737968,0.005494505,0.005464481,0.065217391,-0.045918367,-0.07486631,0.046242775,0.060773481,0.046875,-0.139303483,0.011560694,0.165714286,0.088235294,0.175996784,-1.052920301,1.050697834,-0.436865126,0.087225076,0.08714398,1.044159689,-0.781194733,-1.214426836,0.693082045,0.95312505,0.779570135,-2.424066338,0.172860518,2.498903498,1.549803851,8.219720311,8.478534242,9.23321422,0.25881393,0.754679979,0.028071777,0.079619903
Oklahoma,43,49,54,37,50,50,46,67,50,32,62,43,65,58,50,69,87,120,126,131,114,127,127,123,144,127,109,139,120,142,135,127,146,164,3453943,3464729,3484754,3498687,3514449,3532769,3574334,3612186,3644025,3687050,3759603,3786274,3817054,3852415,3877499,3907414,3923561,6,5,-17,13,0,-4,21,-17,-18,30,-19,22,-7,-8,19,18,12.44953956,14.14252024,15.49607232,10.57539586,14.22698124,14.1532039,12.86953038,18.54832503,13.72109138,8.679025237,16.49110292,11.35681147,17.02883952,15.05549117,12.89490984,17.65873798,22.17373452,0.05,0.03968254,-0.129770992,0.114035088,0,-0.031496063,0.170731707,-0.118055556,-0.141732283,0.275229358,-0.136690647,0.183333333,-0.049295775,-0.059259259,0.149606299,0.123287671,1.737145054,1.44311431,-4.878393138,3.715679625,0,-1.132256312,5.875220391,-4.706291426,-4.939592895,8.13658616,-5.053725087,5.810461683,-1.833875025,-2.076619471,4.862551038,4.587669212,13.46423674,13.75927121,16.9623426,0.295034466,3.203071398,0.020397514,0.217020973
Oregon,50,58,48,46,43,48,47,48,51,35,56,46,55,48,57,69,72,86,94,84,82,79,84,83,84,87,71,92,82,91,84,93,105,108,3430891,3470382,3517111,3550180,3573505,3617869,3677545,3732957,3782991,3825657,3838048,3868031,3899116,3925751,3968371,4024634,4093465,8,-10,-2,-3,5,-1,1,3,-16,21,-10,9,-7,9,12,3,14.57347377,16.71285755,13.64756472,12.9570895,12.03300401,13.26747873,12.7802651,12.85843903,13.48139607,9.148755364,14.5907503,11.89235557,14.10576141,12.22695989,14.36357639,17.14441611,17.58901078,0.093023256,-0.106382979,-0.023809524,-0.036585366,0.063291139,-0.011904762,0.012048193,0.035714286,-0.183908046,0.295774648,-0.108695652,0.109756098,-0.076923077,0.107142857,0.129032258,0.028571429,2.331755803,-2.881527163,-0.56864853,-0.845027576,1.399186513,-0.276405807,0.271920534,0.80365244,-4.229457591,5.489253218,-2.605491125,2.32676522,-1.795278725,2.292554979,2.981637585,0.732875449,12.93708041,12.39433927,15.08594491,-0.542741144,2.691605648,-0.038942241,0.200950983
Pennsylvania,170,188,153,170,150,159,166,151,137,134,145,147,163,147,161,151,169,237,255,220,237,217,226,233,218,204,201,212,214,230,214,228,218,236,12285504,12299533,12326302,12357524,12388368,12418161,12471142,12522531,12566368,12604767,12712343,12744293,12771854,12781338,12790565,12791904,12784227,18,-35,17,-20,9,7,-15,-14,-3,11,2,16,-16,14,-10,18,13.83744615,15.28513318,12.41248186,13.75680112,12.1081324,12.8038282,13.31072968,12.05826522,10.90211587,10.63089861,11.40623723,11.53457473,12.76243841,11.50114331,12.58740329,11.80434125,13.21941483,0.075949367,-0.137254902,0.077272727,-0.084388186,0.041474654,0.030973451,-0.064377682,-0.064220183,-0.014705882,0.054726368,0.009433962,0.074766355,-0.069565217,0.065420561,-0.043859649,0.082568807,1.465141357,-2.845636497,1.379164651,-1.618447191,0.726487944,0.56369055,-1.202776779,-1.117984855,-0.238732464,0.872685707,0.15732741,1.255463916,-1.25275469,1.095346982,-0.781744453,1.407985012,12.87839465,11.30641833,12.37494822,-1.571976321,1.068529884,-0.113267879,0.086827041
Rhode Island,6,10,9,13,7,14,15,13,12,16,9,14,5,14,14,8,14,11,15,14,18,12,19,20,18,17,21,14,19,10,19,19,13,19,1050736,1058051,1066034,1071504,1071414,1064989,1060196,1055009,1053502,1053209,1053337,1052451,1052901,1053033,1054480,1055607,1056426,4,-1,4,-6,7,1,-2,-1,4,-7,5,-9,9,0,-6,6,5.710283078,9.451340247,8.442507462,12.13247921,6.533422188,13.14567568,14.14832729,12.32216976,11.39058113,15.19166661,8.544274055,13.30228201,4.748784549,13.29492998,13.27668614,7.578578012,13.25222969,0.363636364,-0.066666667,0.285714286,-0.333333333,0.583333333,0.052631579,-0.1,-0.055555556,0.235294118,-0.333333333,0.357142857,-0.473684211,0.9,0,-0.315789474,0.461538462,3.806855385,-0.945134025,3.752225539,-5.599605788,6.533422188,0.938976835,-1.886443639,-0.947859213,3.796860376,-6.646354142,4.746818919,-8.551467004,8.547812187,0,-5.683933509,5.679527009,10.88048237,12.15019471,10.43024167,1.269712347,-1.71995304,0.106873804,-0.130792971
South Carolina,82,106,98,80,86,98,128,108,101,89,90,113,123,100,107,123,144,128,152,144,126,132,144,174,154,147,135,136,159,169,146,153,169,190,4023570,4062701,4103934,4146474,4201306,4256199,4339399,4424232,4503280,4561242,4635943,4672637,4720760,4767894,4828430,4894834,4961119,24,-8,-18,6,12,30,-20,-7,-12,1,23,10,-23,7,16,21,20.37991137,26.09101679,23.87952633,19.29350094,20.46982534,23.02523919,29.4971723,24.41101642,22.42809685,19.51222934,19.41352601,24.18334658,26.05512672,20.97362064,22.16041239,25.12853347,29.02570972,0.1875,-0.052631579,-0.125,0.047619048,0.090909091,0.208333333,-0.114942529,-0.045454545,-0.081632653,0.007407407,0.169117647,0.062893082,-0.136094675,0.047945205,0.104575163,0.124260355,5.964852109,-1.969133343,-4.386035448,1.44701257,2.856254698,7.048542608,-4.608933173,-1.582195509,-2.664724379,0.219238532,4.961234424,2.140119166,-4.872096866,1.468153445,3.268752321,4.232916001,23.23305282,21.98964304,24.66868059,-1.243409777,2.679037547,-0.051310488,0.116532368
South Dakota,11,11,8,8,8,11,3,7,6,3,7,6,2,9,9,5,4,76,76,73,73,73,76,68,72,71,68,72,71,67,74,74,70,69,743138,746315,749125,753843,761126,766732,774882,783429,790891,798656,802684,810484,820370,830746,838289,843536,851039,0,-3,0,0,3,-8,4,-1,-3,4,-1,-4,7,0,-4,-1,14.80209598,14.7390847,10.67912565,10.6122893,10.51074329,14.34660351,3.871557218,8.935078992,7.586380424,3.756310602,8.720741911,7.402983896,2.437924351,10.83363627,10.73615424,5.927429298,4.700137127,0,-0.039473684,0,0,0.04109589,-0.105263158,0.058823529,-0.013888889,-0.042253521,0.058823529,-0.013888889,-0.056338028,0.104477612,0,-0.054054054,-0.014285714,0,-4.019750374,0,0,3.941528735,-10.43389346,5.16207629,-1.276439856,-3.793190212,5.008414136,-1.245820273,-4.935322597,8.532735229,0,-4.741943438,-1.175034282,10.00406379,7.280299165,6.927056257,-2.723764627,-0.353242908,-0.247523522,-0.042660646
Tennessee,99,77,72,96,83,70,89,69,60,71,87,80,67,80,86,104,97,194,172,167,191,178,165,184,164,155,166,182,175,162,175,181,199,192,5703243,5755443,5803306,5856522,5916762,5995748,6089453,6172862,6240456,6296254,6356671,6397634,6454306,6494821,6544663,6595056,6651194,-22,-5,24,-13,-13,19,-20,-9,11,16,-7,-13,13,6,18,-7,17.35854495,13.37864001,12.40672127,16.39198145,14.02794299,11.67494031,14.61543426,11.17795927,9.614682004,11.27654634,13.68640913,12.5046228,10.3806668,12.31750652,13.14047797,15.76938846,14.58384765,-0.113402062,-0.029069767,0.143712575,-0.068062827,-0.073033708,0.115151515,-0.108695652,-0.054878049,0.070967742,0.096385542,-0.038461538,-0.074285714,0.080246914,0.034285714,0.099447514,-0.035175879,-3.857454434,-0.868742858,4.135573757,-2.219747488,-2.197147697,3.168912369,-3.284367249,-1.457994687,1.762691701,2.541193541,-1.101205332,-2.032001205,2.01415923,0.923812989,2.729317234,-1.052442614,13.82340406,11.65204391,13.23837748,-2.171360147,1.586333573,-0.146481884,0.125381605
Texas,417,449,418,401,447,427,385,410,435,350,349,425,482,480,479,537,672,671,703,672,655,701,681,639,664,689,604,603,679,736,734,733,791,926,20945963,21332847,21710788,22057801,22418319,22801920,23369024,23837701,24304290,24782302,25244310,25646389,26071655,26473525,26944751,27429639,27862596,32,-31,-17,46,-20,-42,25,25,-85,-1,76,57,-2,-1,58,135,19.90837089,21.04735481,19.25310127,18.17950937,19.93905074,18.72649321,16.47480015,17.19964522,17.89807478,14.1229818,13.82489757,16.57153372,18.48751067,18.13132176,17.77711733,19.57736301,24.11835566,0.047690015,-0.044096728,-0.025297619,0.070229008,-0.02853067,-0.061674009,0.039123631,0.037650602,-0.123367199,-0.001655629,0.126036484,0.083946981,-0.002717391,-0.001362398,0.079126876,0.170670038,1.527740692,-1.453158127,-0.783020865,2.085430003,-0.89212755,-1.841950152,1.069792217,1.048758855,-3.497324958,-0.040351377,3.010579414,2.22253511,-0.076711663,-0.037773587,2.114501033,4.845205379,18.51459095,15.92342662,19.61833369,-2.59116433,3.694907071,-0.132780868,0.218330906
Utah,33,33,25,28,25,20,29,32,32,19,28,30,28,28,32,46,35,62,62,54,57,54,49,58,61,61,48,57,59,57,57,61,75,64,2244314,2291250,2334473,2379938,2438915,2499637,2583724,2663796,2727343,2784572,2775326,2816124,2855782,2902663,2941836,2990632,3051217,0,-8,3,-3,-5,9,3,0,-13,9,2,-2,0,4,14,-11,14.70382487,14.40261866,10.70905511,11.76501237,10.25045973,8.001161769,11.22410908,12.01293192,11.73303101,6.823310728,10.08890487,10.65294,9.804669964,9.646314436,10.87756082,15.38136421,11.47083279,0,-0.129032258,0.055555556,-0.052631579,-0.092592593,0.183673469,0.051724138,0,-0.213114754,0.1875,0.035087719,-0.033898305,0,0.070175439,0.229508197,-0.146666667,0,-3.491543917,1.285086613,-1.260537039,-2.050091947,3.600522796,1.161114732,0,-4.766543849,3.232094555,0.720636062,-0.710196,0,1.378044919,4.681284759,-3.605118876,10.38995961,10.26222371,11.43614844,-0.127735904,1.173924736,-0.011214781,0.104235608
Vermont,7,5,4,7,7,3,0,4,1,5,4,3,10,5,5,5,4,21,19,18,21,21,17,14,18,15,19,18,17,24,19,19,19,18,609903,612153,614950,616559,618145,618814,619985,620460,621049,621760,625982,626730,626444,627140,626984,626088,624594,-2,-1,3,0,-4,-3,4,-3,4,-1,-1,7,-5,0,0,-1,11.4772349,8.167892667,6.504593869,11.35333358,11.32420387,4.847983401,0,6.446829771,1.610178907,8.041688111,6.389960095,4.786750275,15.96311881,7.97270147,7.974685159,7.986097801,6.404160142,-0.095238095,-0.052631579,0.166666667,0,-0.19047619,-0.176470588,0.285714286,-0.166666667,0.266666667,-0.052631579,-0.055555556,0.411764706,-0.208333333,0,0,-0.052631579,-3.279209973,-1.633578533,4.878445402,0,-6.470973639,-4.847983401,6.451768994,-4.835122329,6.440715628,-1.608337622,-1.597490024,11.16908398,-7.981559405,0,0,-1.601040036,6.806022944,5.455081432,9.260152677,-1.350941512,3.805071245,-0.173063995,0.589469131
Virginia,92,101,88,86,85,88,82,88,75,74,73,73,97,75,88,77,122,225,234,221,219,218,221,215,221,208,207,206,206,230,208,221,210,255,7098219,7184971,7277251,7367448,7462675,7557633,7640753,7713457,7789109,7876240,8025773,8110035,8192048,8262692,8317372,8367587,8411808,9,-13,-2,-1,3,-6,6,-13,-1,-1,0,24,-22,13,-11,45,12.96099768,14.05712006,12.09247833,11.67297007,11.39001765,11.64385728,10.73192655,11.40863299,9.628829177,9.395346003,9.095697075,9.0011942,11.84075093,9.076944899,10.58026502,9.202175012,14.50342186,0.04,-0.055555556,-0.009049774,-0.00456621,0.013761468,-0.027149321,0.027906977,-0.058823529,-0.004807692,-0.004830918,0,0.116504854,-0.095652174,0.0625,-0.049773756,0.214285714,1.267923686,-1.809332285,-0.274829053,-0.13573221,0.402000623,-0.79389936,0.785262918,-1.685366237,-0.128384389,-0.126964135,0,2.959296723,-2.685531139,1.573337116,-1.31459643,5.349622816,11.50624998,9.705939889,11.04071154,-1.800310087,1.334771654,-0.143952831,0.124675803
Washington,65,73,69,75,60,72,67,60,63,59,61,64,71,49,75,85,84,104,112,108,114,99,111,106,99,102,98,100,103,110,88,114,124,123,5911122,5987785,6056187,6113262,6184289,6261282,6372243,6464979,6566073,6664195,6743226,6822520,6895226,6968006,7054196,7160290,7288000,8,-4,6,-15,12,-5,-7,3,-4,2,3,7,-22,26,10,-1,10.99622035,12.1914865,11.39330737,12.26840924,9.702004547,11.49924249,10.51435107,9.280772606,9.594776056,8.853282354,9.046115316,9.380698041,10.29697939,7.032140902,10.63196997,11.87102757,11.52579583,0.076923077,-0.035714286,0.055555556,-0.131578947,0.121212121,-0.045045045,-0.066037736,0.03030303,-0.039215686,0.020408163,0.03,0.067961165,-0.2,0.295454545,0.087719298,-0.008064516,1.353380966,-0.668026658,0.99072238,-2.453681848,1.940400909,-0.798558506,-1.098514291,0.46403863,-0.609192131,0.300111266,0.444890917,1.026013848,-3.190613332,3.731340071,1.396591479,-0.137211855,11.07546294,9.231128875,10.27158273,-1.844334068,1.040453856,-0.152734026,0.101694922
West Virginia,25,28,28,22,26,23,21,27,13,21,13,20,31,28,19,19,24,80,83,83,77,81,78,76,82,68,76,68,75,86,83,74,74,79,1806962,1798582,1799411,1802238,1803302,1803920,1807237,1811198,1814873,1819777,1854230,1854972,1856560,1853231,1848514,1841053,1831102,3,0,-6,4,-3,-2,6,-14,8,-8,7,11,-3,-9,0,5,13.83537673,15.56781954,15.56064735,12.2070448,14.41799543,12.75001109,11.61994802,14.90726028,7.16303565,11.53987549,7.010996478,10.7818339,16.69754815,15.10874791,10.27852643,10.3201809,13.10686133,0.0375,0,-0.072289157,0.051948052,-0.037037037,-0.025641026,0.078947368,-0.170731707,0.117647059,-0.105263158,0.102941176,0.146666667,-0.034883721,-0.108433735,0,0.067567568,1.660245207,0,-3.334424431,2.21946269,-1.663614858,-1.108696616,3.319985149,-7.729690514,4.408021939,-4.396143044,3.77515195,5.930008647,-1.615891757,-4.856383257,0,2.730596111,13.31112934,10.28060036,13.10237294,-3.030528976,2.821772584,-0.211760295,0.25014383
Wisconsin,51,45,50,54,54,44,55,58,53,38,52,57,45,37,45,57,51,123,117,122,126,126,116,127,130,125,110,124,129,117,109,117,129,123,5374254,5408769,5446766,5476796,5511385,5541443,5571680,5601571,5627610,5654774,5690263,5709640,5726177,5742854,5758377,5767891,5778708,-6,5,4,0,-10,11,3,-5,-15,14,5,-12,-8,8,12,-6,9.489689174,8.319822865,9.179759145,9.859779331,9.797900165,7.940170096,9.871349396,10.35423812,9.417852339,6.719985626,9.138417679,9.983116274,7.858646353,6.442789596,7.814701955,9.882294932,8.825502171,-0.048780488,0.042735043,0.032786885,0,-0.079365079,0.094827586,0.023622047,-0.038461538,-0.12,0.127272727,0.040322581,-0.093023256,-0.068376068,0.073394495,0.102564103,-0.046511628,-1.11643402,0.924424763,0.734380732,0,-1.814425956,1.985042524,0.53843724,-0.892606735,-2.665429907,2.475784178,0.878694008,-2.101708689,-1.397092685,1.393035588,2.080483144,-1.038294373,9.329791627,9.122722008,8.164787002,-0.207069618,-0.957935007,-0.020045866,-0.094632156
Wyoming,12,5,4,7,3,7,6,2,7,2,3,6,6,4,5,5,5,35,28,27,30,26,30,29,25,30,25,26,29,29,27,28,28,28,493958,492982,497069,499189,502988,506242,512841,523414,532981,544270,564513,567725,576765,582684,583642,586555,585501,-7,-1,3,-4,4,-1,-4,5,-5,1,3,0,-2,1,0,0,24.29356342,10.14235814,8.047172525,14.02274489,5.964357003,13.827379,11.6995326,3.821067071,13.13367643,3.674646775,5.314315171,10.56849707,10.40285038,6.864784343,8.56689546,8.524349805,8.539695065,-0.2,-0.035714286,0.111111111,-0.133333333,0.153846154,-0.033333333,-0.137931034,0.2,-0.166666667,0.04,0.115384615,0,-0.068965517,0.037037037,0,0,-14.17124533,-2.028471628,6.035379394,-8.012997081,7.952476003,-1.975339857,-7.799688402,9.552667678,-9.381197454,1.837323387,5.314315171,0,-3.467616794,1.716196086,0,0,10.7122372,7.302440505,8.579715011,-3.4097967,1.277274506,-0.291131117,0.153843259
